,DISTID,urban,nightlight,shareagri,district_hospital,foodmarket_time,microfinance_aid,news_tvset,road_aid,ruggedness,project_any,watersource_time,suitability_rw_wheat,affected_opium,watersupply_aid,madrassa,total_markets,anybase,religious_involved,electricity_aid,project_agriculture
0,101,1.0,43.47823,0.011435448,1.0,1.7777778,0.23255815,0.975,0.62222224,216547.23679727426,0.6687243,0.47098213,0.8587079641220965,0.0,0.7111111,0.00047758914,0.0,1.0,0.3116883,0.06818182,0.07638889
1,102,0.0,7.3052344,0.09309936,1.0,2.0,0.0,0.0,1.0,134621.50574712644,0.9285714,0.9,0.888185883901482,0.0,0.6666667,0.0,0.0,0.0,0.2173913,0.0,0.14285715
2,103,0.0,4.661049,0.07,1.0,1.5,0.5,0.9166667,0.5,310701.15946348733,0.7037037,1.35,0.8741986794918648,0.0,0.5,0.0,0.0,0.0,0.5185185,0.5,0.14814815
3,105,0.0,4.457302,0.033333335,1.0,2.0,0.0,1.0,0.0,483129.0928270042,0.75,0.2,0.8597636977316008,0.0,1.0,0.0,0.0,0.0,0.33333334,0.0,0.0
4,107,0.0,9.670153,0.10972222,1.0,2.0,1.0,0.8333333,0.0,404816.7785808147,0.962963,6.4,0.7195605674260224,0.0,0.0,0.0,0.0,0.0,0.4814815,0.0,0.5925926
5,108,0.0,4.795228,0.22360067,1.0,1.5,0.0,0.9166667,1.0,165231.35794871795,0.56363636,0.3,0.7060289598114149,0.0,1.0,0.0,0.0,0.0,0.2244898,0.0,0.21818182
6,109,0.0,3.4422479,0.4184028,1.0,2.0,0.0,0.9166667,1.0,404939.3912068192,0.85,1.375,0.839886223233109,0.0,1.0,0.0,0.0,0.0,0.4,0.0,0.5
7,110,0.0,11.980822,0.047743056,1.0,2.25,0.2,0.5833333,0.4,389328.15625,0.9117647,0.74,0.7605447535111683,0.0,0.6,0.0,0.0,0.0,0.4375,0.0,0.029411765
8,112,0.0,0.6012554,0.18339439,0.25,1.3333334,0.0,1.0,0.75,336567.16098945664,0.64285713,0.625,0.6724807281336305,0.0,0.0,0.0,0.0,0.0,0.5,0.0,0.5714286
9,201,0.27272728,2.8210227,0.100462325,1.0,2.1818182,0.0,0.7222222,0.18181819,70806.75105485233,1.0,3.1296296,0.8241052919745853,0.0,0.18181819,0.00095693785,0.0,0.0,0.20588236,0.0,0.47058824
10,202,0.0,0.77298856,0.04492611,1.0,1.9411764,0.0625,0.625,0.11764706,543253.2969411765,0.9444444,4.550296,0.6599288840445993,0.0,0.0,0.0050179213,0.0,0.0,0.24528302,0.125,0.4814815
11,203,0.0,0.0,0.07965368,1.0,2.0,0.0,0.8333333,0.25,536037.4061646508,0.6060606,6.725,0.6420205520561557,0.0,0.0,0.0,0.0,0.0,0.15384616,0.0,0.3939394
12,204,0.0,0.023559108,0.07724278,1.0,2.0,0.0,0.65,0.071428575,276793.5363036304,0.86538464,6.172662,0.5384126833534019,0.0,0.0,0.0,0.0,0.0,0.32,0.0,0.25
13,205,0.0,0.014105058,0.28508773,0.75,2.0,0.0,0.3611111,0.0,178710.9628318584,0.86538464,2.85,0.54309171123998,0.0,0.0,0.009259259,1.0,0.0,0.44444445,0.0,0.32692307
14,207,0.0,2.627232,0.052269693,1.0,2.1666667,0.083333336,0.5833333,0.16666667,369677.02894736844,1.0,3.2833333,0.7237581879366201,0.0,0.083333336,0.0015873016,0.0,0.0,0.22222222,0.0,0.42857143
15,301,0.75,4.769557,0.06899044,1.0,1.9722222,0.5277778,0.974359,0.16666667,593009.7175925926,0.7183099,4.6525426,0.7838970655358782,0.0,0.1388889,0.004605544,0.0,0.0,0.109375,0.083333336,0.35211268
16,302,0.0,2.0345237,0.17639573,1.0,2.0,0.6666667,0.7692308,0.33333334,393335.7796540362,0.4642857,3.0833333,0.523612611547895,0.0,0.16666667,0.0,0.0,0.0,0.11111111,0.0,0.125
17,303,0.0,0.31072998,0.16160715,0.0,2.5,0.0,0.5833333,0.5,341865.79101123597,0.6,9.15,0.28541987815618275,0.0,0.0,0.0,0.0,0.0,0.0,0.0,0.0
18,304,0.0,0.045438346,0.3265306,1.0,2.0,0.0,1.0,0.33333334,550924.5050666666,1.0,14.1,0.2700536523393871,0.0,0.0,0.0,0.0,0.0,0.037037037,0.33333334,0.78571427
19,305,0.0,0.009320333,0.19559523,0.5,3.0,0.0,0.9166667,0.5,644518.1119571929,0.775,11.7,0.34068745176777854,0.0,0.0,0.0,0.0,0.0,0.21052632,1.0,0.7
20,306,0.0,0.0,0.31243238,0.0,2.5,0.0,1.0,0.0,17211.31493839836,0.64285713,10.4375,0.21271644771734263,0.0,0.5,0.0,0.0,0.0,0.0,0.5,0.52
21,307,0.0,0.0,0.6020833,0.0,3.5,0.0,1.0,0.0,562133.8977835723,1.0,8.2,0.24225999505924423,0.05,0.0,0.0,0.0,0.0,0.0,0.0,1.0
22,308,0.0,15.815828,0.20106383,1.0,2.0,0.2,0.5555556,0.2,35579.1269035533,0.625,2.38,0.833112179989425,0.0,0.0,0.0,0.0,1.0,0.12727273,0.0,0.08928572
23,309,0.0,0.30513394,0.8625,0.0,4.0,0.0,0.75,1.0,103282.1064690027,0.42857143,4.75,0.6556138636327675,0.0,1.0,0.0,0.0,0.0,0.0,0.0,0.0
24,310,0.0,6.3435755,0.24333113,1.0,2.0,0.25,0.8888889,0.0,273647.1087902524,0.65384614,1.8,0.7190898398224699,0.0,0.0,0.0,0.0,0.0,0.0,0.0,0.115384616
25,401,0.47619048,1.4596436,0.23412699,1.0,2.0952382,0.0,0.375,1.0,548026.8038958197,0.9166667,1.1904762,0.6805055963809976,0.0,1.0,0.0,0.0,0.0,0.18181819,0.47619048,0.41666666
26,402,0.0,0.0,0.51056546,0.5,2.25,0.0,0.083333336,0.75,404641.51928918593,0.72,1.2,0.18142167001120524,0.0,0.625,0.01010101,0.0,0.0,0.13043478,0.125,0.28
27,403,0.0,0.0,0.37777779,1.0,3.0,0.0,0.125,0.33333334,358118.96276405297,0.5925926,3.586207,0.1607429480368652,0.06666667,0.33333334,0.0,0.0,0.0,0.0,0.6666667,0.2962963
28,404,0.0,0.0,0.44969434,0.27272728,4.5755396,0.0,0.26190478,0.19463088,380692.6686288938,0.7941176,3.7183099,0.39473444489332354,0.026845638,0.19463088,0.0,0.0,0.0,0.14925373,0.06711409,0.46268657
29,405,0.0,0.0,0.4791667,1.0,4.0,0.0,0.33333334,1.0,865459.1775726684,0.9,3.6,0.4793108891455632,0.0,0.0,0.0,0.0,0.0,0.5,0.0,0.175
30,406,0.0,0.08460635,0.42533335,1.0,3.4,0.0,0.43333334,0.4,247478.94061302682,0.90909094,2.02,0.7540163001704647,0.0,0.4,0.0,0.0,0.0,0.5,0.0,0.54545456
31,407,0.0,0.17548257,0.4542082,0.33333334,3.3846154,0.0,0.46666667,0.23076923,246504.94677419355,0.875,1.5076923,0.8428000060987461,0.0,0.25,0.002118644,0.0,0.0,0.23214285,0.0,0.53571427
32,408,0.0,0.031688437,0.50981295,0.75,2.857143,0.0,0.3888889,0.2857143,357898.65314136125,0.88235295,1.8,0.6510845580303353,0.0,0.14285715,0.012189055,0.0,0.0,0.121212125,0.0,0.47058824
33,409,0.0,0.0,0.30126488,0.5,3.625,0.0,0.3888889,0.125,279493.85410654574,0.8888889,2.8101265,0.8781510630511499,0.0,0.125,0.008011583,0.0,0.0,0.074074075,0.0,0.53846157
34,501,0.125,0.29643577,0.3385299,0.9375,1.75,0.2,0.41666666,0.75,155254.96788194444,0.8863636,0.5875,0.8204654792364975,0.0,0.75,0.0,0.0,0.0,0.2840909,0.3125,0.45348838
35,502,0.0,0.0,0.43699405,0.6666667,2.5833333,0.0,0.29166666,0.33333334,229060.23037455106,0.9459459,0.44166666,0.8288801700565772,0.008333334,0.41666666,0.0,0.0,0.0,0.2173913,0.083333336,0.37142858
36,503,0.0,0.034676664,0.45678836,0.9285714,2.4,0.0,0.027777778,0.53333336,278626.56091370556,0.90909094,0.44295302,0.770944648225201,0.0,0.6,0.0,0.0,0.0,0.5,0.2,0.4090909
37,504,0.0,0.0,0.435,1.0,2.0,0.0,0.0,1.0,175968.48226351352,0.88235295,0.0,0.7325009839227228,0.0,1.0,0.0,0.0,0.0,0.2647059,0.5,0.5
38,505,0.0,0.037848607,0.35129464,1.0,2.375,0.0,0.5208333,0.875,277386.63740458013,0.95384616,0.4,0.6826850240718577,0.0,0.75,0.0,0.0,0.0,0.45901638,0.25,0.64615387
39,506,0.0,0.0,0.45567462,0.8333333,2.0,0.0,0.0,0.6666667,417482.71164437453,0.36363637,0.9322034,0.571704490255947,0.0,0.6666667,0.0,0.0,0.0,0.90909094,0.5,0.0
40,507,0.0,0.0,0.465,0.0,4.0,0.0,0.083333336,0.0,384854.1012329656,0.6666667,0.0,0.8657522464536942,0.0,0.0,0.0,0.0,0.0,0.0,0.0,0.5
41,601,0.41666666,1.8403015,0.060643062,1.0,1.5833334,0.0,0.9444444,0.6666667,124184.28801843317,0.92134833,1.579832,0.8015699278599929,0.0,0.33333334,0.0009009009,0.0,0.0,0.19101124,0.083333336,0.25842696
42,603,0.0,0.0030940594,0.68561506,1.0,2.0,0.0,1.0,0.0,331857.00974421436,1.0,3.625,0.9037522225369728,0.0,0.0,0.0,0.0,0.0,0.47368422,0.5,0.25
43,604,0.0,0.0,0.31178162,1.0,3.0,0.0,0.7714286,0.0,393531.4449819982,0.9268293,7.3076925,0.3938551972738425,0.0,0.0,0.0,0.0,0.0,0.2682927,0.0,0.31707317
44,605,0.0,0.0,0.32098764,0.0,2.0,0.0,0.75,0.0,401000.0699046754,0.25,16.0,0.453879588646714,0.0,0.0,0.0,0.0,0.0,0.6666667,0.0,0.0
45,606,0.0,0.0,0.3496454,1.0,2.2,0.0,1.0,0.2,427440.3081257414,0.86538464,7.478261,0.5657700680980098,0.0,0.0,0.0,0.0,0.0,0.40384614,0.0,0.26923078
46,607,0.0,0.0,0.22279237,0.875,2.5555556,0.0,0.95714283,0.0,413894.5887557855,0.9351852,4.084507,0.5796872182892995,0.0,0.0,0.0,0.0,0.0,0.26923078,0.0,0.46296296
47,608,0.0,0.02809482,0.3249042,1.0,2.0,0.0,0.0,0.33333334,60599.744706162266,0.3809524,4.2413793,0.9477624064262804,0.0,0.0,0.0,0.0,0.0,0.0952381,0.0,0.0
48,609,0.0,0.0,0.39626622,1.0,2.0,0.0,0.0,0.0,169530.81608884074,0.6785714,4.1666665,0.9468900576546989,0.0,0.0,0.0,0.0,0.0,0.44444445,0.0,0.071428575
49,612,0.0,0.0,0.47767857,0.0,2.0,0.0,0.75,1.0,39359.81666109066,0.5833333,10.0,0.6843163327688698,0.0,0.0,0.0,0.0,0.0,0.25,0.0,0.33333334
50,613,0.0,0.0,0.23383488,1.0,1.8571428,0.0,0.5,0.0,844196.469224776,0.8125,2.4,0.8479762372936711,0.0,0.0,0.0,0.0,0.0,0.23076923,0.0,0.375
51,614,0.0,0.0,0.2598658,1.0,1.7272727,0.0,0.5,0.0,107775.78161690707,0.5,2.101852,0.8318116451508056,0.0,0.0,0.0025,0.0,0.0,0.47058824,0.0,0.1764706
52,615,0.0,0.0,0.32738096,1.0,2.0,0.0,0.29166666,0.0,212306.39887187752,1.0,2.45,0.8900813841057519,0.0,0.0,0.0,0.0,0.0,0.41666666,0.0,0.41666666
53,618,0.0,0.0,0.68174607,0.6666667,2.3333333,0.0,0.16666667,0.33333334,305572.3273615635,0.85714287,4.125,0.8712111376024274,0.0,0.6666667,0.0,0.0,0.0,0.5,0.0,0.0952381
54,701,0.5,0.9356778,0.044687953,1.0,2.5,0.0,0.34285715,0.3,164403.73794725348,0.91935486,5.79,0.9326623065821718,0.0,0.4,0.010516313,0.0,0.0,0.4516129,0.4,0.24193548
55,702,0.0,0.022780905,0.31313673,1.0,2.1666667,0.0,0.11111111,0.0,358582.5019762846,0.6666667,4.866667,0.8750452002793028,0.0,0.0,0.037943263,0.0,0.0,0.6060606,0.0,0.25
56,704,0.0,0.0,0.0,0.33333334,2.6666667,0.0,0.0,0.0,170793.35516739447,0.85,18.766666,0.7066730236078613,0.0,0.0,0.0,0.0,0.0,0.5,0.0,0.2
57,705,0.0,0.007921998,0.10223588,0.75,2.5,0.16666667,0.25,0.16666667,472998.78382838285,0.9,12.833333,0.7347991558803968,0.0,0.16666667,0.012209303,0.0,0.0,0.35,0.16666667,0.35
58,707,0.0,0.0,0.1259145,1.0,2.0,0.0,0.16666667,0.0,435398.66212970373,0.7777778,12.9,0.8194006026337017,0.0,0.0,0.009259259,0.0,0.0,0.11764706,0.0,0.22222222
59,708,0.0,0.0,0.06597796,0.8333333,1.8181819,0.0,0.16666667,0.0,530275.9605633803,0.9285714,13.772727,0.6842058461743089,0.0,0.45454547,0.009713955,0.0,0.0,0.36842105,0.27272728,0.61904764
60,709,0.0,0.0,0.060103785,1.0,3.25,0.0,0.41666666,0.0,267679.2882352941,1.0,21.375,0.5799434166596192,0.0,0.0,0.0,0.0,0.0,0.33333334,0.0,0.33333334
61,710,0.0,0.0,0.073805116,1.0,2.8888888,0.11111111,0.0,0.11111111,287317.9532394366,0.8888889,10.433333,0.7569247291981586,0.0,0.22222222,0.014880952,0.0,0.0,0.48387095,0.33333334,0.26984128
62,711,0.0,0.0059447982,0.09408069,1.0,2.8333333,0.0,0.0,0.16666667,361398.25115207373,1.0,12.933333,0.5262875232033832,0.0,0.33333334,0.003525641,0.0,0.0,0.25,0.0,0.2857143
63,801,1.0,25.551403,0.012452107,1.0,1.0,0.5,0.96666664,0.5,166006.16051779935,0.9166667,1.15,0.7551889268142133,0.0,0.0,0.0,0.0,0.0,0.23655914,0.16666667,0.19791667
64,802,0.0,1.499652,0.15300646,1.0,1.8333334,0.33333334,0.75,0.6666667,309249.26708074537,0.90909094,6.5333333,0.8498701039957017,0.0,0.0,0.0,0.0,0.0,0.11320755,0.5,0.43636364
65,804,0.0,0.0,0.3159524,1.0,2.0,0.0,0.0,0.0,385445.3842364532,1.0,7.3,0.6010019309299716,0.0,1.0,0.0,0.0,0.0,0.0,0.0,0.85714287
66,805,0.0,0.0,0.22066648,1.0,1.5,0.11111111,0.56666666,0.33333334,416430.46710526315,0.8032787,10.055555,0.7874445760816731,0.022222223,0.33333334,0.0018796993,2.0,0.0,0.14035088,0.11111111,0.4262295
67,806,0.0,0.24489796,0.12426901,1.0,2.0,0.0,0.083333336,0.5,458631.0389282103,1.0,9.35,0.9852332600626744,0.0,0.5,0.0,0.0,0.0,0.115384616,0.0,0.42307693
68,807,0.0,0.0,0.13333334,1.0,2.0,0.0,0.0,0.0,340175.45834849036,1.0,8.8,0.5808148568519371,0.0,0.0,0.0,0.0,0.0,0.083333336,0.0,0.5
69,808,0.0,0.0,0.5260045,0.0,3.25,0.0,0.41666666,0.0,79841.25792811839,1.0,13.1875,0.5454847865787938,0.1875,0.0,0.0,0.0,0.0,0.25,0.5,1.0
70,809,0.0,0.48736843,0.12718254,1.0,1.6,0.2,0.375,0.4,365956.599012955,1.0,4.04,0.8949919760954453,0.04,0.2,0.0,0.0,0.0,0.3783784,0.0,0.71794873
71,810,0.0,0.0,0.09667153,1.0,2.2,0.0,0.16666667,0.0,172406.07620320856,1.0,13.02,0.622360613110558,0.0,0.0,0.0,0.0,0.0,0.375,0.0,0.4642857
72,813,0.0,0.10078125,0.089074075,1.0,1.6666666,0.0,0.33333334,0.33333334,313339.92185730464,1.0,2.5333333,1.0,0.0,0.6666667,0.0,0.0,0.0,0.5185185,0.0,0.5555556
73,814,0.0,1.4917197,0.04051689,1.0,1.5,0.0,0.45454547,0.0,55598.2694214876,1.0,4.9,0.8675393761569439,0.05,0.5,0.0,0.0,0.0,0.32,0.0,0.6
74,816,0.0,0.0,0.15924603,0.75,2.25,0.0,0.16666667,0.0,273849.17491254373,1.0,10.125,0.7645026000890934,0.025,0.25,0.0,0.0,0.0,0.5,0.0,0.9
75,817,0.0,0.23487544,0.16924784,1.0,2.0,0.0,0.17391305,0.5,216425.80243161094,1.0,4.75,0.8494655804967782,0.0,0.5,0.0,0.0,0.0,0.41666666,0.0,0.5
76,818,0.0,0.22451192,0.18107553,1.0,2.0,0.5,0.5416667,0.5,316978.5369018654,1.0,5.233333,0.700133903586762,0.0,0.5,0.0,0.0,0.0,0.12820514,0.5,0.425
77,819,0.0,0.0,0.4512649,0.5,2.25,0.5,0.25,0.25,618701.8964218455,0.85714287,4.5,0.7329876775993766,0.09375,0.5,0.0,0.0,0.0,0.32142857,0.0,0.2857143
78,820,0.0,0.0,0.39885914,0.0,2.3333333,0.0,0.083333336,0.0,115650.32393292683,0.96,7.5,0.502549894957978,0.33333334,0.6666667,0.0,1.0,0.0,0.32,0.33333334,0.72
79,821,0.0,4.8672132,0.044915255,1.0,1.8333334,0.33333334,0.6111111,0.0,33566.33884297521,0.875,2.4,0.7690100991378884,0.0,0.0,0.0,0.0,0.0,0.2962963,0.5,0.35714287
80,822,0.0,0.0,0.0995614,1.0,1.0,0.0,0.5,1.0,73017.95917044718,1.0,4.5,0.8276457536599646,0.0,1.0,0.0,0.0,0.0,0.18518518,0.5,0.4642857
81,901,0.071428575,0.23282307,0.18285024,1.0,2.4285715,0.071428575,0.28169015,0.35714287,656040.3914189993,0.92537314,6.007143,0.6842865454447727,0.0,0.21428572,0.0,2.0,0.0,0.2238806,0.0,0.35820895
82,902,0.0,0.37466452,0.31907794,0.9166667,2.0,0.083333336,0.7222222,0.41666666,258612.70662251656,0.9811321,6.7647057,0.7023369318226772,0.0,0.5833333,0.0,2.0,0.0,0.3962264,0.083333336,0.509434
83,903,0.0,0.0,0.36203703,0.8125,2.5,0.0,0.375,0.3125,318375.44253731344,0.84782606,6.93125,0.5392191098322927,0.01875,0.25,0.0,2.0,0.0,0.3043478,0.0625,0.5217391
84,904,0.0,0.0,0.5967262,0.16666667,3.1666667,0.0,0.75,0.0,541212.0102909865,1.0,13.933333,0.40662915886207884,0.016666668,0.0,0.0,0.0,0.0,0.5,0.0,0.8333333
85,905,0.0,0.0,0.4537015,0.5833333,2.75,0.083333336,0.5555556,0.16666667,367616.16402520525,0.60714287,11.275,0.5012617284129575,0.0,0.16666667,0.0,3.0,0.0,0.21428572,0.0,0.25
86,1001,1.0,0.58966565,0.34543794,1.0,1.8,0.2,0.041666668,0.8,474821.4117647059,0.9583333,5.9591837,0.506200492273931,0.0,0.8,0.0,0.0,1.0,0.16666667,0.2,0.5416667
87,1002,0.0,0.0506993,0.37333333,1.0,3.0,0.0,0.33333334,0.0,626662.3136612022,1.0,12.1,0.4549492282620497,0.0,1.0,0.0,0.0,0.0,0.0,0.0,0.25
88,1003,0.0,0.0,0.36819842,1.0,2.4,0.0,0.0,0.2,674993.1390076989,1.0,16.74,0.4881034627029772,0.04,0.2,0.0,0.0,0.0,0.0,0.2,0.75
89,1005,0.0,0.0,0.56916666,1.0,2.0,0.0,0.0,1.0,378797.4407327586,1.0,1.0,0.24507973772188285,0.0,1.0,0.0,0.0,0.5,0.0,0.0,0.5
90,1006,0.0,0.0,0.4490741,0.0,3.0,0.0,0.0,0.0,712904.784765279,0.875,14.966666,0.2762213498517,0.1,0.0,0.0,0.0,0.0,0.0,0.0,0.4375
91,1007,0.0,0.0,0.37651515,1.0,3.0,0.0,0.0,0.0,665258.5856353592,1.0,20.1,0.3425499999921505,0.0,1.0,0.0,0.0,0.0,0.375,0.0,0.25
92,1008,0.0,0.0,0.43276983,1.0,3.0,0.0,0.0,0.0,654241.6911942099,0.89285713,9.48,0.41971999808773225,0.0,0.8,0.009114584,0.0,0.0,0.5,0.0,0.21428572
93,1010,0.0,0.0,0.38501588,1.0,2.0,0.0,0.0,0.2,664888.2917820868,0.5833333,11.6,0.40979753331643315,0.02,0.6,0.0,0.0,0.0,0.0,0.4,0.16666667
94,1011,0.0,0.0,0.32463625,0.6666667,2.5,0.0,0.041666668,0.6666667,734273.1724683545,1.0,14.966666,0.4522945349325315,0.0,0.5,0.0,0.0,0.0,0.21428572,0.0,0.6785714
95,1012,0.0,0.0,0.39351192,0.5,3.25,0.0,0.083333336,0.5,566931.7875457875,1.0,22.0,0.6047024664886467,0.0,0.0,0.0,0.0,0.0,0.35714287,0.0,0.53571427
96,1013,0.0,0.01119403,0.53583336,0.0,1.0,0.0,0.083333336,0.0,541239.3276381909,1.0,5.7,0.45458399472584055,0.0,1.0,0.0,0.0,0.0,0.3846154,0.0,0.5714286
97,1014,0.0,0.0,0.43068454,1.0,1.5,0.0,0.0,0.5,535954.7764070933,1.0,5.3,0.6523858792868533,0.0,1.0,0.0,0.0,0.0,0.23529412,0.0,0.47058824
98,1015,0.0,0.0,0.38478673,0.8,3.0,0.0,0.33333334,0.0,517484.97906602256,1.0,12.4375,0.47471944268623106,0.025,0.375,0.0,0.0,1.0,0.25,0.0,0.33333334
99,1101,1.0,0.38298404,0.032857142,1.0,1.8571428,0.0,0.33333334,0.2857143,485577.8332034295,0.875,8.304348,0.34125730959913647,0.0,0.14285715,0.0,1.0,0.0,0.102564104,0.0,0.425
100,1102,0.0,0.006607202,0.21903062,1.0,2.4285715,0.0,0.25,0.2857143,746292.3757138059,0.95,6.8,0.6324528831761448,0.014285714,0.14285715,0.0,0.0,0.0,0.13513513,0.0,0.175
101,1103,0.0,0.0,0.21197204,0.6666667,2.75,0.0,0.41666666,0.0,441045.7038123167,1.0,13.225,0.4438146197200673,0.125,0.0,0.0025252525,1.0,0.0,0.083333336,0.0,0.0
102,1108,0.0,0.0,0.11005291,1.0,2.0,0.0,0.5833333,0.0,773413.9677584443,1.0,4.233333,0.6984538683121483,0.033333335,0.0,0.0,0.0,0.0,0.05,0.0,0.2962963
103,1109,0.0,0.03735465,0.3292857,1.0,2.0,1.0,0.5,0.0,877013.7266714337,0.75,7.4,0.17436462672966158,0.0,1.0,0.0,1.0,0.0,0.16666667,0.0,0.41666666
104,1113,0.0,0.0,0.3116809,0.0,2.25,0.0,0.083333336,0.0,278675.76415389427,1.0,14.972973,0.4239670146767025,0.0,0.0,0.011111111,0.0,0.0,0.11111111,0.0,0.37037036
105,1114,0.0,0.0,0.59739584,0.0,5.0,0.0,0.41666666,0.0,621672.3152547671,0.6666667,4.0,0.3713732152020349,0.0,0.0,0.0,0.0,0.0,0.0,0.0,0.16666667
106,1115,0.0,0.022439444,0.31788483,0.85714287,2.4444444,0.0,0.44444445,0.11111111,352915.9830908376,0.9444444,12.488889,0.5078676572592924,0.1,0.0,0.0,1.0,0.0,0.083333336,0.0,0.1388889
107,1116,0.0,0.0,0.24130952,1.0,2.0,0.0,0.41666666,0.0,556927.7708333334,0.8333333,19.0,0.5244570880345208,0.35,0.0,0.0,1.0,0.0,0.030303031,0.0,0.5
108,1118,0.0,0.0,0.29661655,1.0,1.5,0.0,0.33333334,1.0,726807.7786723379,1.0,7.0,0.5811145871805306,0.2,0.0,0.0,1.0,0.0,0.32258064,0.0,0.33333334
109,1122,0.0,0.0043016193,0.22457483,1.0,1.6666666,0.0,0.6666667,0.0,547837.9486623283,0.9285714,5.9666667,0.7248961856004233,0.0,0.33333334,0.0074074077,1.0,0.0,0.0,0.0,0.17857143
110,1125,0.0,0.0004129956,0.2993158,1.0,2.0,0.0,0.6666667,0.0,609037.0646319569,1.0,5.7,0.37897612504384526,0.13333334,0.0,0.004,1.0,0.0,0.0,0.0,0.25
111,1126,0.0,0.0,0.26971596,0.0,2.75,0.0,0.33333334,0.0,389793.2365506329,0.9714286,8.05,0.5399406543229255,0.05,0.0,0.0,1.0,0.0,0.125,0.0,0.028571429
112,1127,0.0,0.0,0.29675925,0.6,3.0,0.0,0.16666667,0.2,256923.91414141413,1.0,8.1,0.14417581401645602,0.0,0.2,0.0035714288,1.0,0.0,0.05263158,0.0,0.2
113,1128,0.0,0.0,0.49375,0.0,3.6666667,0.0,0.25,0.33333334,364406.7921138008,1.0,10.916667,0.5016686191331732,0.0,0.0,0.0,1.0,0.0,0.0,0.0,0.0625
114,1201,0.29411766,0.528374,0.13354257,0.9375,2.1764705,0.3529412,0.6666667,0.1764706,204962.2086553323,0.7741935,12.779762,0.5909801441787456,0.0882353,0.5294118,0.006714286,0.0,0.0,0.3559322,0.11764706,0.21774194
115,1202,0.0,0.0,0.81180555,0.33333334,2.0,0.0,0.33333334,0.6666667,459174.7018321513,0.71428573,9.083333,0.6564127641201574,0.0,0.33333334,0.0,0.0,0.0,0.52380955,0.0,0.035714287
116,1203,0.0,0.0,0.19500001,1.0,2.0,0.0,0.33333334,0.0,78889.53145917002,0.71428573,4.8,0.5414487206386759,0.0,0.0,0.0,0.0,0.0,0.2962963,0.0,0.071428575
117,1205,0.0,0.0038033659,0.21476191,0.33333334,2.0,0.0,0.9166667,0.0,577922.4940549405,0.9375,11.9,0.046442032012541955,0.0,0.33333334,0.0054347827,0.0,0.0,0.2,1.0,0.3125
118,1206,0.0,0.0,0.08796296,0.5,1.5,0.0,0.9166667,0.5,765806.4740179672,0.96428573,4.25,0.4058441386250394,0.0,1.0,0.0,0.0,0.0,0.074074075,0.5,0.42857143
119,1207,0.0,0.0,0.53541666,0.5,2.0,0.0,0.6666667,0.6666667,187003.8028361058,1.0,16.916666,0.4577771700177333,0.0,0.33333334,0.0,0.0,0.0,0.16666667,0.0,0.25
120,1208,0.0,0.013519765,0.18248473,1.0,2.6363637,0.0,0.30555555,0.36363637,296692.7580565196,0.9027778,9.072727,0.5356057710003005,0.1,0.54545456,0.0,0.0,0.0,0.28985506,0.36363637,0.2112676
121,1209,0.5,0.008080808,0.07894737,0.33333334,2.5,0.25,0.6666667,0.5,159909.65091610415,0.9166667,9.65,0.437684270660416,0.025,0.25,0.0,0.0,0.0,0.33333334,0.0,0.41666666
122,1211,0.0,0.02659225,0.35690477,1.0,3.0,0.0,0.9166667,0.0,71005.63535439795,0.8333333,3.95,0.9720681956278773,0.0,0.0,0.035714287,0.0,0.0,0.0,0.0,0.083333336
123,1212,0.0,0.02683706,0.15875398,0.8,1.4,0.2,0.5,0.2,111336.04646405611,0.775,13.38,0.8231128371387522,0.02,0.0,0.008130082,1.0,0.0,0.20512821,0.2,0.175
124,1213,0.0,0.0,0.23274854,1.0,2.0,0.0,0.16666667,0.4,667394.4038196495,0.8333333,12.169492,0.7722813886372585,0.06666667,0.4,0.008928572,0.0,0.0,0.0,0.0,0.16666667
125,1214,0.0,0.0,0.07183908,1.0,1.3333334,0.0,0.33333334,0.6666667,114955.51931075461,0.9285714,5.8,0.9773860438837225,0.0,1.0,0.017857144,1.0,0.0,0.23076923,0.0,0.32142857
126,1301,0.78571427,3.0214248,0.038690735,1.0,1.8571428,0.0,0.7340425,0.071428575,259058.0610802625,0.7394958,6.214286,0.6162888145475157,0.007142857,0.2857143,0.0,0.0,0.0,0.16239317,0.0,0.21008404
127,1302,0.0,0.0,0.2702381,0.0,2.0,0.0,0.5416667,0.0,268447.05288736423,0.083333336,3.7,0.1834379361761873,0.0,0.0,0.0,0.0,0.0,0.16666667,0.0,0.0
128,1303,0.0,0.00035124694,0.27958333,1.0,2.5,0.0,0.51428574,0.5,591724.6377847996,0.63461536,8.0,0.3613112167155589,0.0,0.0,0.011904762,1.0,0.0,0.27450982,0.0,0.15384616
129,1304,0.0,0.08378018,0.2919414,0.0,2.5,0.0,0.625,0.0,377420.3542549723,0.92,7.4,0.4782050650451018,0.05,0.0,0.0,0.0,0.0,0.2173913,0.0,0.04
130,1305,0.0,0.00250986,0.5289683,0.33333334,3.6666667,0.0,0.33333334,0.0,613715.962264151,0.64285713,4.5,0.3937197142526222,0.0,0.0,0.0,0.0,0.0,0.8333333,0.0,0.07692308
131,1306,0.0,0.083137475,0.06403509,1.0,2.0,0.0,0.75,0.5,505932.88234553917,0.6,9.05,0.31039427618503324,0.0,0.0,0.0,0.0,0.0,0.2,0.5,0.1
132,1307,0.0,0.0,0.32777777,0.0,3.0,0.0,0.5,0.0,633806.6413683734,0.5714286,8.0,0.4475235317680626,0.0,0.0,0.0,1.0,0.0,0.8333333,0.0,0.17857143
133,1308,0.0,0.0,0.25925925,0.16666667,2.0,0.0,0.5833333,0.0,636085.0863135251,0.78571427,3.8,0.24401377337015934,0.0,0.0,0.0,0.0,0.0,0.5925926,0.0,0.10714286
134,1309,0.0,0.0,0.122206025,0.75,2.0,0.0,0.45714286,0.0,479860.5644599303,0.9444444,6.2156863,0.5813934755576462,0.0,0.0,0.0,0.0,0.0,0.22222222,0.19607843,0.3611111
135,1310,0.0,0.0,0.1859375,0.2,2.2,0.0,0.45833334,0.0,429765.66821465426,0.625,7.98,0.6829357592075587,0.02,0.0,0.0,1.0,0.0,0.29166666,0.0,0.0
136,1311,0.3773585,0.1617005,0.21974583,1.0,1.8113208,0.062893085,0.4871795,0.3144654,220160.09442870633,0.6730769,6.1257863,0.479190473754002,0.0,0.18867925,0.0035529716,2.0,0.0,0.35555556,0.18867925,0.23076923
137,1312,0.0,0.0,0.12987602,0.25,2.0,0.0,0.5833333,0.0,427048.9970566593,0.8125,4.0,0.5432410564013844,0.04,0.2,0.0,0.0,0.0,0.375,0.0,0.25
138,1314,0.0,0.0,0.40464285,0.0,2.0,0.0,0.33333334,1.0,643904.9605133268,0.16666667,4.1,0.30508687249893185,0.0,0.0,0.0,0.0,0.0,1.0,1.0,0.0
139,1315,0.0,0.0,0.35777777,0.0,3.0,0.0,0.33333334,0.0,172787.4179280341,0.71428573,5.133333,0.6436789183961725,0.0,0.0,0.0,0.0,0.0,0.5714286,0.0,0.14285715
140,1401,0.64285713,4.466367,0.10310559,0.9230769,1.8571428,0.42857143,0.8,0.71428573,844918.91902834,0.8897059,1.7571429,0.5357601711540635,0.0,0.71428573,0.0015278839,0.0,0.0,0.41911766,0.42857143,0.16911764
141,1402,0.14285715,0.16789828,0.17651361,0.84210527,1.9047619,0.0952381,0.47619048,0.6666667,44537.57000116185,0.848,3.5645933,0.7591829242638644,0.0,0.42857143,0.0,1.0,0.0,0.33064517,0.3809524,0.16935484
142,1403,0.0,0.0,0.24663691,0.33333334,2.0,0.0,0.3529412,0.25,98653.39433070866,0.9411765,5.1282053,0.6010111127943987,0.025,1.0,0.0,0.0,0.0,0.29411766,0.0,0.38235295
143,1404,0.0,0.35641503,0.1727208,1.0,2.0,0.0,0.5416667,0.5,31395.32159624413,0.8541667,16.25,0.4301797422257104,0.0,0.5,0.0,0.0,0.0,0.375,0.25,0.020833334
144,1405,0.0,0.5392809,0.31083333,1.0,3.0,0.0,1.0,0.0,117470.67407264297,1.0,9.0,0.6597169735366863,0.0,0.0,0.0,0.0,0.0,0.42105263,0.0,0.15789473
145,1406,0.33333334,0.0891464,0.1333664,0.90909094,2.0833333,0.25,0.5277778,0.6666667,145206.10307017545,0.85882354,8.420168,0.48488578217944733,0.0,0.5,0.0,2.0,0.0,0.42352942,0.41666666,0.3882353
146,1407,0.0,0.0,0.23375,0.25,2.25,0.0,0.16666667,0.75,41028.91430635838,0.8333333,25.0,0.7367899722402487,0.0,0.5,0.0,0.0,0.0,0.5833333,0.0,0.16666667
147,1501,0.57894737,0.32227212,0.05606985,0.8888889,1.9444444,0.2631579,0.55445546,0.57894737,324404.76450715424,0.9285714,13.185185,0.3515078988783794,0.0,0.10526316,0.00074571214,0.0,0.0,0.29032257,0.21052632,0.37142858
148,1502,0.0,0.021396693,0.18965039,1.0,2.8,0.0,0.25,0.6,202611.14181986713,0.95454544,7.8958335,0.4862493024772373,0.0,0.6,0.0,0.0,0.0,0.22727273,0.0,0.22727273
149,1503,0.0,0.0,0.14617239,0.2,2.125,0.0,0.16666667,0.375,5962.736931432451,0.6486486,9.455696,0.37046994048765375,0.0,0.125,0.0,0.0,0.0,0.08571429,0.125,0.21621622
150,1504,0.0,0.0,0.26680556,0.33333334,3.6666667,0.0,0.023809524,0.16666667,400293.3103192279,0.7916667,29.683332,0.28518686057090936,0.0,0.083333336,0.0,0.0,0.0,0.0,0.0,0.20833333
151,1505,0.0,0.0,0.17258255,0.0,4.4444447,0.0,0.0625,0.22222222,258841.4930579072,0.4074074,16.655556,0.369685400633194,0.0,0.0,0.0,1.0,0.0,0.15384616,0.44444445,0.22222222
152,1506,0.0,0.0041417954,0.3200739,0.33333334,3.0,0.0,0.37142858,0.5,187772.46874379838,0.72727275,11.542373,0.36270041865830455,0.0,0.0,0.0,0.0,0.0,0.045454547,0.16666667,0.4090909
153,1601,1.0,45.995003,0.0037688443,1.0,1.8095238,0.0,1.0,0.5,608780.4786053883,0.73595506,0.4903846,0.8436674871232184,0.0,0.2,0.0025641026,0.0,1.0,0.43502825,0.0,0.13559322
154,1602,0.0,3.6541452,0.027252253,1.0,2.0,0.25,1.0,1.0,24917.51851851852,1.0,1.25,0.7544412780164,0.0,0.5,0.007878152,1.0,0.0,0.25,0.0,0.25
155,1603,0.0,0.0,0.46916667,0.25,3.2,0.0,0.29166666,0.0,257669.3637910085,0.96428573,17.325,0.47819007976413874,0.0,0.2,0.0,0.0,0.0,0.53571427,0.0,0.32142857
156,1604,0.0,0.26925135,0.26754344,0.16666667,2.5,0.0,0.33333334,0.16666667,10718.75372706422,0.42857143,1.6101695,0.5346670280896763,0.0,0.33333334,0.0,0.0,0.0,0.6666667,0.0,0.10714286
157,1605,0.0,0.01673806,0.10666667,0.6666667,2.3333333,0.0,0.45833334,0.33333334,34171.302072206796,0.9411765,2.5,0.7787677433854389,0.0,0.33333334,0.0,0.0,0.0,0.5294118,0.0,0.2647059
158,1606,0.0,1.5258621,0.23671645,1.0,2.0,0.0,0.44444445,0.0,8165.044923629829,0.93877554,1.16,0.8129864744902586,0.0,0.0,0.0,3.0,0.0,0.3265306,0.0,0.5
159,1607,0.0,0.014755685,0.19249189,0.75,2.5,0.0,0.0,0.0,147139.12233523757,0.925,5.2105265,0.8188238760143166,0.0,0.0,0.0031347964,1.0,0.0,0.4,0.25,0.325
160,1608,0.0,0.030362243,0.2010989,0.75,2.5,0.0,0.0,0.0,261139.1246087637,0.91071427,7.0,0.5321615627428979,0.0,0.0,0.0,1.0,0.0,0.19642857,0.0,0.4642857
161,1609,0.0,0.0,0.22590187,1.0,2.3333333,0.0,0.25,0.6666667,80243.81818181818,0.8363636,3.2,0.43613362547923945,0.0,0.33333334,0.0,0.0,0.0,0.10909091,0.0,0.25454545
162,1610,0.0,0.0,0.30804598,0.33333334,2.6666667,0.0,0.33333334,0.6666667,339353.1642003415,1.0,23.233334,0.38075284834824275,0.0,0.33333334,0.022058824,1.0,0.0,0.2857143,0.0,0.35714287
163,1611,0.0,0.0,0.15333334,0.0,2.0,0.0,0.083333336,0.0,121524.06786739755,0.68,7.1,0.29833084109039343,0.0,0.0,0.0,1.0,0.0,0.32,0.0,0.12
164,1612,0.0,5.8308735,0.0,1.0,1.0,0.0,0.9166667,0.0,8967.32956685499,0.85714287,0.5,0.7166194946270368,0.0,1.0,0.0,0.0,0.0,0.22222222,0.0,0.53571427
165,1614,0.6666667,0.1597417,0.15296297,1.0,2.0,0.0,1.0,0.33333334,12565.526744186047,0.6666667,2.6666667,0.5162122247866126,0.0,0.0,0.0,1.0,0.0,0.5,0.0,0.0
166,1701,0.5263158,0.41589162,0.10951537,1.0,1.5789474,0.57894737,0.98333335,0.5263158,53577.58769034182,0.64102566,2.4382021,0.449348101335346,0.005263158,0.31578946,0.00075757573,1.0,0.0,0.3116883,0.05263158,0.21794872
167,1702,0.0,0.0148809515,0.10595238,1.0,2.0,0.0,1.0,0.5,13488.850944021198,0.25,7.0588236,0.4803351916393625,0.0,0.0,0.0,0.0,0.0,0.25,0.0,0.071428575
168,1704,0.0,0.0,0.2910119,0.2857143,3.142857,0.125,0.083333336,0.25,5979.008895131086,0.25,19.949368,0.49762200419752456,0.0,0.0,0.0,1.0,0.0,0.4,0.0,0.1
169,1705,0.0,0.00685677,0.38285714,0.0,2.0,0.0,0.44444445,0.0,142737.05659667344,0.33333334,0.0,0.47440984841841893,0.0,0.0,0.0,0.0,0.0,0.22222222,0.0,0.11111111
170,1706,0.4,0.84247786,0.17754762,1.0,1.6,0.8,0.8333333,0.4,610438.0472148112,0.25,2.6086957,0.5429980158860671,0.0,0.8,0.0,0.0,0.0,0.22222222,0.0,0.035714287
171,1707,0.0,0.0,0.23483327,0.8,2.5,0.33333334,0.125,0.33333334,6658.790429042904,0.7692308,15.214286,0.7238995293140029,0.0,0.16666667,0.0,0.0,0.0,0.30769232,0.0,0.3846154
172,1708,0.0,0.0,0.209127,0.6,2.1666667,0.0,0.16666667,0.33333334,52255.46058091286,0.10714286,2.6833334,0.7821797489881577,0.0,0.0,0.0,0.0,0.0,0.33333334,0.0,0.0
173,1710,0.0,0.0,0.19583334,1.0,2.3333333,0.0,0.5,0.33333334,22990.86292834891,0.7037037,0.074074075,0.5527630092012971,0.0,0.33333334,0.0,0.0,0.0,0.26923078,0.0,0.5185185
174,1801,1.0,4.4309025,0.026533997,1.0,1.4285715,0.2857143,0.9166667,0.42857143,87181.48201438849,0.8888889,4.3428574,0.8610108264913486,0.0,0.71428573,0.009765625,0.0,0.0,0.42857143,0.0,0.2647059
175,1802,0.0,0.020986605,0.2088114,0.54545456,2.4615386,0.07692308,0.19444445,0.3846154,211913.7664628821,0.8586956,22.95349,0.7300644423507072,0.0,0.30769232,0.0030864198,0.0,0.0,0.42391303,0.23076923,0.36956522
176,1803,0.0,0.0,0.11666667,1.0,2.0,0.0,0.75,0.6666667,88362.48101059494,1.0,9.4,0.845232599715257,0.0,0.6666667,0.015625,1.0,0.0,0.30769232,0.33333334,0.96153843
177,1804,0.0,0.0,0.25121066,0.8333333,2.0,0.0,0.85,0.6666667,251359.46252055324,0.921875,7.45,0.43575183512551763,0.016666668,0.33333334,0.0,0.0,0.0,0.265625,0.16666667,0.515625
178,1805,0.0,0.005997693,0.3004762,0.0,5.0,0.0,0.33333334,0.0,292499.3223973411,0.8333333,13.1,0.2928021650203073,0.0,0.0,0.0,1.0,0.0,0.5833333,0.0,0.5833333
179,1806,0.0,0.0,0.26666668,1.0,3.5,0.0,0.41666666,0.5,320697.045804621,1.0,5.8,0.4838467271978548,0.0,1.0,0.0,0.0,0.0,0.5416667,0.0,0.3846154
180,1807,0.0,0.0,0.31928572,1.0,2.0,0.0,0.41666666,0.33333334,262603.2457267703,1.0,5.4,0.4907755642606754,0.0,0.0,0.0,1.0,0.0,0.36842105,0.33333334,0.32
181,1808,0.0,0.13385373,0.12197421,0.4,2.4,0.2,0.625,0.4,116072.41189759035,0.8596491,13.76,0.7553263120947002,0.02,0.0,0.0,2.0,0.0,0.24561404,0.2,0.47368422
182,1809,0.0,0.058474623,0.1875,1.0,2.5,0.0,0.875,0.0,71659.88679914833,0.9285714,43.85,0.32921082216784603,0.0,0.0,0.0,1.0,0.0,0.5925926,0.0,0.21428572
183,1811,0.0,0.15342857,0.061965812,1.0,2.25,0.0,1.0,0.25,9371.046369899312,1.0,7.675,0.5057269843219916,0.0,0.25,0.004608295,0.0,0.0,0.23076923,0.0,0.5
184,1812,0.8333333,0.9556011,0.0110837445,1.0,1.1666666,0.8333333,1.0,0.33333334,35627.58958068615,0.8333333,6.491228,0.4445170278326001,0.0,0.16666667,0.0,0.0,0.0,0.75,0.16666667,0.16666667
185,1813,0.0,0.18477157,0.15433456,1.0,1.75,0.25,0.6666667,0.5,124622.14846335698,1.0,4.95,0.805224207018477,0.0,0.5,0.0,0.0,0.0,0.34615386,0.0,0.28
186,1901,0.23076923,0.1945974,0.23843102,0.84615386,2.0,0.0,0.5862069,0.46153846,240718.63836578358,0.8947368,8.650407,0.6447940928971405,0.0,0.30769232,0.0,0.0,0.0,0.43243244,0.07692308,0.68421054
187,1902,0.0,0.02713792,0.35583213,0.4,3.2,0.0,0.27272728,0.1,176635.23961533324,1.0,15.105263,0.4721680826785699,0.0,0.4,0.0,1.0,0.0,0.41025642,0.0,0.95
188,1903,0.0,0.00046289153,0.35277382,0.2,2.5,0.0,0.5952381,0.2,237586.8153107992,0.984375,4.319149,0.6813003273725501,0.0,0.3,0.001953125,2.0,0.0,0.31666666,0.1,0.93442625
189,1904,0.0,0.0,0.4039827,0.09090909,3.7272727,0.0,0.057142857,0.0,279402.6952313264,0.54285717,6.6702127,0.30930904840057344,0.018181818,0.0,0.0044444446,5.0,0.0,0.029411765,0.0,0.25714287
190,1905,0.0,0.0,0.41440678,0.5,2.1666667,0.0,0.0,0.33333334,156006.41478725878,1.0,5.509091,0.4443301728536285,0.016666668,0.5,0.0,2.0,0.0,0.75,0.0,0.45833334
191,1906,0.0,0.027934587,0.3248016,0.16666667,2.5,0.0,0.42857143,0.0,220362.99525350594,1.0,5.754717,0.40081002248432956,0.016949153,0.0,0.0,2.0,0.0,0.41666666,0.0,0.6666667
192,1907,0.0,0.030696712,0.4586207,0.6666667,4.0,0.0,0.27272728,0.0,107704.22141327623,1.0,8.321428,0.6987153172639476,0.06666667,0.33333334,0.0,2.0,0.0,0.5151515,0.0,0.5882353
193,2001,1.0,3.4650993,0.0011074197,1.0,1.1538461,0.23076923,0.9583333,0.23076923,23439.13578680203,0.57216495,0.3875969,0.6835817037531252,0.0,0.61538464,0.0,0.0,1.0,0.23783784,0.15384616,0.12021858
194,2002,0.0,8.293878,0.08164885,1.0,2.0,0.0,0.7647059,0.2,135603.25570036512,0.58778626,3.6,0.7132642573779755,0.0,0.4,0.0,0.0,0.0,0.29411766,0.2,0.14285715
195,2003,0.0,1.2966492,0.10759259,1.0,2.0,0.0,0.8333333,0.0,94403.97906587271,0.64705884,0.33333334,0.7325727658522632,0.0,0.0,0.0,0.0,0.0,0.23880596,0.33333334,0.29850745
196,2004,0.0,0.0,0.17204365,1.0,2.25,0.0,0.6666667,0.0,249801.9565383635,0.5675676,4.225,0.8065012402455527,0.0,0.0,0.0,0.0,0.0,0.3783784,0.0,0.24324325
197,2005,0.0,0.0615047,0.17637844,1.0,2.0,0.0,0.083333336,0.0,232682.72212837837,0.41666666,7.5,0.8108017610842304,0.0,0.0,0.0,0.0,0.0,0.32352942,0.0,0.055555556
198,2006,0.0,0.15052214,0.16666667,1.0,2.0,0.0,0.1764706,0.0,112147.42901311941,0.46666667,3.3333333,0.7289244854682708,0.0,0.0,0.0,1.0,0.0,0.5689655,0.0,0.05
199,2007,0.0,0.017426794,0.23276353,0.75,2.75,0.0,1.0,0.0,95539.27619238477,0.60465115,38.875,0.37142698549216047,0.0,0.25,0.0,8.0,0.0,0.45,0.0,0.25581396
200,2009,0.42857143,0.27078837,0.086377636,1.0,2.0,0.0,0.9444444,0.14285715,62207.72649262352,0.65957445,3.7857144,0.5394922952432983,0.0,0.2857143,0.0,3.0,0.0,0.3409091,0.42857143,0.17391305
201,2010,0.0,0.2786483,0.12570208,1.0,2.25,0.0,0.5833333,0.0,94413.3144130182,0.33333334,10.975,0.6469124369865108,0.0,0.25,0.0,0.0,0.0,0.27272728,0.25,0.083333336
202,2011,0.0,0.009923684,0.19786535,0.33333334,2.6666667,0.0,0.5,0.0,316734.2469135802,0.6296296,7.766667,0.6161524326475207,0.0,0.0,0.0,0.0,0.0,0.36,0.0,0.18518518
203,2012,0.0,0.0,0.16068377,0.75,2.5,0.0,0.16666667,0.0,354173.2748941653,0.5675676,5.8717947,0.6996205885596204,0.0,0.0,0.0,0.0,0.0,0.22857143,0.0,0.33333334
204,2014,0.0,0.21114773,0.14314836,0.8333333,2.5,0.0,0.5,0.5,155832.86664031335,0.5060241,16.616667,0.6461671070999018,0.016666668,0.16666667,0.0,1.0,1.0,0.22222222,0.0,0.1625
205,2016,0.0,0.0,0.5854167,0.2,3.4,0.0,1.0,0.8,191773.14792727272,0.78571427,21.975,0.656430506958674,0.0,0.0,0.0,1.0,0.0,0.21428572,0.0,0.21428572
206,2101,0.45454547,0.24290901,0.14848584,0.90909094,2.2727273,0.0,0.8888889,0.8181818,106886.49349827792,0.84745765,1.6545454,0.4986035586300705,0.036363635,0.72727275,0.0013717421,0.0,0.0,0.37931034,0.45454547,0.4915254
207,2102,0.0,0.0,0.42892858,0.16666667,4.5,0.0,0.041666668,0.6666667,127954.49809771727,0.29166666,4.644068,0.4687479975372386,0.11666667,0.6666667,0.061794415,1.0,0.0,0.39130434,0.0,0.041666668
208,2103,0.0,0.0,0.36805046,0.0,4.0,0.0,0.45833334,0.5,321939.7543680044,0.9230769,5.0833335,0.39042892604021473,0.125,1.0,0.0,2.0,0.0,0.23076923,0.0,0.46153846
209,2104,0.0,0.0,0.29209417,0.125,4.125,0.0,0.083333336,0.125,421287.17734346725,1.0,6.3974357,0.5505478991154557,0.125,0.25,0.0,1.0,0.0,0.41666666,0.125,0.25
210,2105,0.0,0.0,0.37787303,0.0,2.6,0.2,0.11111111,0.4,208004.19990198698,0.95454544,5.08,0.5513996919438994,0.18,0.4,0.0,1.0,0.0,0.22727273,0.0,0.29545453
211,2106,0.0,0.0,0.41330892,0.0,4.0,0.0,0.5833333,0.25,222346.17486925036,0.75,2.175,0.5866769877700834,0.075,1.0,0.0,0.0,0.0,0.75,0.0,0.0
212,2107,0.0,0.0066637523,0.2212585,0.2,1.8,0.4,0.6666667,0.8,74014.65508076527,1.0,2.28,0.5042940167841351,0.04,1.0,0.032561727,2.0,0.0,0.5,0.4,0.375
213,2108,0.0,0.0055539315,0.20939815,0.0,2.0,0.0,1.0,0.6666667,108411.47791627151,0.962963,3.7333333,0.37606803725771454,0.06666667,0.8333333,0.0,3.0,0.0,0.25925925,0.0,0.44444445
214,2109,0.0,0.004930353,0.1625,0.0,3.0,0.0,1.0,0.5,35267.372629147605,0.77272725,3.7894738,0.14214966439485163,0.05,0.5,0.0,3.0,0.0,0.59090906,0.5,0.27272728
215,2110,0.0,0.018278642,0.30323565,0.0,3.0,0.25,0.25,0.75,38906.723806129725,1.0,3.1,0.3978374878955766,0.05,0.75,0.0,0.0,0.0,0.6666667,0.0,0.0
216,2111,0.0,0.0441366,0.29605556,0.4,2.6,0.0,0.41666666,1.0,80366.55336911151,1.0,2.5510204,0.5233425080778424,0.16,1.0,0.022569446,0.0,0.0,0.22222222,0.2,0.32142857
217,2201,0.5479452,4.046274,0.07031821,0.9328859,1.4109589,0.3196347,0.92424244,0.543379,9813.759896171317,0.8831169,6.437186,0.22739674235055643,0.10502283,0.31506848,0.0077262693,0.0,0.0,0.3026316,0.3196347,0.33766234
218,2202,0.0,0.54622823,0.3538423,1.0,3.4285715,0.0,0.1724138,0.42857143,4483.97452848532,0.8484849,28.608696,0.22447207107014733,0.15714286,0.42857143,0.010869565,1.0,0.0,0.33333334,0.0,0.18181819
219,2203,0.0,0.0027008136,0.5912522,0.6666667,2.3333333,0.0,0.24242425,0.0,28499.364748714066,0.9148936,15.438202,0.08460260316664209,0.32222223,0.33333334,0.0,4.0,0.0,0.30952382,0.0,0.4680851
220,2204,0.0,0.001189157,0.41140538,0.5,2.7777777,0.0,0.1875,0.22222222,26770.162719518314,0.7906977,16.25,0.08104631707511845,0.31111112,0.33333334,0.0,0.0,0.0,0.1627907,0.0,0.18604651
221,2205,0.0,0.04516293,0.4394758,0.6666667,2.1666667,0.0,0.26086956,0.083333336,27498.001326142694,1.0,7.2972975,0.3012188853803926,0.175,0.083333336,0.0,1.0,1.0,0.44444445,0.0,0.65217394
222,2301,0.6363636,1.624766,0.04724427,1.0,1.2727273,0.0,0.7083333,0.8181818,35558.668925459824,0.9815951,1.4036697,0.3474873928529613,0.027272727,0.09090909,0.0042735045,0.0,1.0,0.4099379,0.09090909,0.7654321
223,2302,0.0,0.6206926,0.37779984,0.8888889,2.0,0.0,0.14583333,0.22222222,32516.702291274327,0.95027626,0.7888889,0.5100047851918664,0.3888889,0.0,0.0,1.0,1.0,0.3,0.0,0.3922652
224,2306,0.0,0.014501892,0.39595237,0.85714287,1.8571428,0.0,0.041666668,0.0,212951.7924947393,0.93939394,0.071428575,0.6916060733170775,0.042857144,0.0,0.0,3.0,0.0,0.43939394,0.0,0.37878788
225,2308,0.0,0.45811743,0.3624851,1.0,1.75,0.0,0.10869565,0.625,17236.577935867488,0.9543147,0.6625,0.5035006006348627,0.575,0.0,0.016666668,0.0,0.0,0.3622449,0.0,0.5177665
226,2309,0.0,0.040553186,0.347411,1.0,1.6666666,0.0,0.08695652,0.0,24527.897262261777,0.97540987,0.73333335,0.43665495465738846,0.6,0.0,0.0,1.0,0.0,0.32786885,0.0,0.647541
227,2311,0.0,0.13734074,0.48536706,1.0,1.75,0.0,0.083333336,0.75,23544.184268401103,0.925,1.0,0.2871206924514291,0.95,0.25,0.0,3.0,0.0,0.34177214,0.0,0.51875
228,2312,0.0,1.9031346,0.48119047,0.8,2.2,0.0,0.375,0.4,127416.18164526866,1.0,1.32,0.698587144796986,0.42,0.0,0.0,2.0,1.0,0.21276596,0.0,0.4574468
229,2401,0.7058824,11.475594,0.05462185,0.8235294,1.5294118,0.4117647,0.77717394,0.64705884,33469.24364538128,0.9137255,1.0573249,0.6246141503437495,0.064705886,0.5294118,0.01058201,1.0,1.0,0.26877472,0.5294118,0.4743083
230,2402,0.0,0.9802967,0.25559524,0.0,3.0,0.0,0.5,0.5,86167.55628791414,0.6666667,4.5,0.6682768163557724,0.2,0.0,0.0,1.0,1.0,0.11111111,0.0,0.2962963
231,2403,0.0,0.0,0.18055555,0.6666667,2.3333333,0.0,0.083333336,0.0,196542.71784356126,0.9166667,0.0,0.760114645429546,0.13333334,0.0,0.20666668,0.0,0.0,0.25,0.0,0.75
232,2404,0.0,2.627583,0.23824075,0.33333334,2.3333333,0.0,0.20833333,1.0,116130.95458333334,1.0,0.0,0.46370047702694867,0.4,0.33333334,0.023809524,0.0,0.0,0.3846154,0.33333334,0.6666667
233,2405,0.0,0.0,0.14583333,1.0,2.0,0.0,0.0,1.0,155752.29057279235,1.0,0.0,0.7739225415687914,0.25,0.0,0.0,1.0,0.0,0.8333333,0.0,0.0
234,2407,0.0,0.21455905,0.15916666,1.0,2.5,0.0,0.083333336,0.5,61429.119432000676,0.9285714,0.0,0.644577015757725,0.25,0.0,0.125,2.0,0.0,0.4642857,0.0,0.35714287
235,2408,0.0,0.038629323,0.17583333,1.0,1.75,0.25,0.0,0.5,27069.868547832073,0.95454544,0.21621622,0.6284181189542154,0.125,0.5,0.10687831,0.0,1.0,0.22727273,0.5,0.54545456
236,2411,0.0,0.19457981,0.060555555,0.75,1.5555556,0.33333334,0.3888889,0.5555556,95394.06445420808,0.9411765,1.7349398,0.6009320171721565,0.06666667,0.33333334,0.02202381,0.0,0.0,0.3283582,0.33333334,0.5441176
237,2412,0.0,0.0,0.2661111,1.0,1.6666666,0.33333334,0.0,0.6666667,139075.87069389762,1.0,0.13333334,0.4981838501777124,0.26666668,0.6666667,0.1388889,0.0,0.0,0.41666666,0.33333334,0.33333334
238,2416,0.0,1.5839202,0.13785447,0.5714286,1.8888888,0.33333334,0.2777778,0.5555556,79386.5208560029,0.85,4.5454545,0.5275549028023587,0.11111111,0.44444445,0.019132653,1.0,0.0,0.25,0.33333334,0.3
239,2501,0.375,0.58445513,0.23498017,1.0,1.625,0.0,0.625,0.75,374918.8882069268,0.7826087,0.07692308,0.8399133819997859,0.0,0.75,0.0068181823,0.0,1.0,0.0952381,0.2857143,0.35
240,2502,0.0,0.0,0.32656163,0.88235295,2.5294118,0.0,0.0,0.0,183464.12515869658,0.84444445,1.3491124,0.8999888495642105,0.005882353,0.23529412,0.004513889,0.0,0.0,0.0,0.0,0.275
241,2503,0.0,0.056632917,0.38741073,1.0,2.75,0.0,0.0,0.0,151844.13073170732,0.6666667,1.225,0.7163183364553403,0.25,0.0,0.0,0.0,0.0,0.0,0.0,0.36
242,2504,0.0,0.0,0.36571914,1.0,2.4,0.0,0.0,0.0,221200.04466727437,0.6666667,1.875,0.7008470910835428,0.040816326,0.0,0.1,0.0,0.0,0.0,0.0,0.18181819
243,2505,0.0,0.016129032,0.41574436,1.0,1.6666666,0.0,0.0,0.0,136534.25232729054,0.5,0.7241379,0.7243902308583643,0.13333334,0.0,0.1412037,0.0,0.0,0.11111111,0.0,0.0
244,2506,0.0,0.0,0.33583745,1.0,2.0,0.0,0.0,0.0,143881.19133398248,0.875,2.4482758,0.7502100183013665,0.06666667,0.33333334,0.010989011,0.0,0.0,0.0,0.0,0.125
245,2507,0.0,0.022535373,0.36159524,0.6,2.0,0.0,0.0,0.0,88808.97271358676,0.5,1.98,0.6293734199022956,0.06,0.2,0.22222222,0.0,0.0,0.0,0.0,0.0
246,2510,0.0,0.0,0.8970238,0.0,5.0,0.0,0.083333336,0.0,294924.19125857396,0.4,0.5833333,0.7349727366457461,0.0,0.0,0.0,0.0,0.0,0.0,0.0,0.4
247,2511,0.0,0.0,0.39835218,0.8,2.8,0.0,0.0,0.0,87487.2020934641,0.8,2.5166667,0.6731282397510584,0.06666667,0.0,0.0,0.0,0.0,0.0,0.0,0.0
248,2601,0.11111111,0.27844003,0.35169533,1.0,2.3333333,0.0,0.336,0.16666667,223473.8903736024,0.7904762,1.8352273,0.570149672410118,0.12777779,0.22222222,0.03176487,0.0,1.0,0.4044586,0.0,0.24444444
249,2602,0.0,0.0,0.41204315,0.7777778,2.375,0.0,0.22857143,0.25,133034.18363389568,0.13186814,5.9937105,0.7085887353685135,0.05,0.3125,0.07361111,0.0,0.0,0.2849162,0.0,0.016666668
250,2603,0.0,0.0,0.4390278,0.5,2.6666667,0.0,0.75,0.0,382513.2241953385,0.6298701,9.24138,0.6633347024582538,0.05,0.0,0.17058271,0.0,0.0,0.2012987,0.0,0.3961039
251,2605,0.0,0.055546775,0.41055167,1.0,2.5,0.0,0.18181819,0.25,332804.004398827,0.7411765,4.95,0.4363869554661572,0.20833333,0.25,0.2035042,0.0,1.0,0.4790419,0.0,0.21176471
252,2701,0.22222222,0.017642055,0.2769975,0.6666667,3.0,0.0,0.6818182,0.375,280818.5934366454,0.9807692,8.044444,0.1751043957996956,0.011111111,0.125,0.0,1.0,0.0,0.33333334,0.25,0.5
253,2702,0.0,0.0,0.35438597,0.0,4.0,0.0,0.44444445,0.5,326611.82926286507,0.962963,4.8,0.5534627879819228,0.016666668,0.33333334,0.0,2.0,0.0,0.037037037,0.0,0.7037037
254,2703,0.0,0.0,0.35545978,0.33333334,4.1666665,0.0,0.5,0.16666667,329788.8085030368,0.96428573,8.379311,0.7044577533551221,0.0,0.0,0.0,0.0,0.0,0.25,0.0,0.6785714
255,2704,0.0,0.0,0.37643677,0.33333334,3.3333333,0.0,0.41666666,1.0,404397.302391643,0.96428573,24.666666,0.475009614788644,0.06666667,0.0,0.01,1.0,0.0,0.0,0.0,0.42857143
256,2705,0.0,0.0,0.31593782,0.6,3.8,0.0,0.55813956,0.4,335035.3915594373,0.9444444,9.632653,0.700597848115529,0.04,0.0,0.0,0.0,0.0,0.32352942,0.0,0.11111111
257,2706,0.0,0.0,0.42350405,0.15384616,3.357143,0.0,0.69491524,0.2857143,463468.3146991622,0.925,10.164286,0.6431038228998844,0.057142857,0.0,0.001984127,0.0,0.0,0.25641027,0.0,0.5
258,2707,0.0,0.0,0.3594677,0.3,4.1,0.0,0.65957445,0.6,362969.8990581237,1.0,7.79,0.36316694013060236,0.09,0.2,0.0,0.0,0.0,0.3653846,0.0,0.59615386
259,2708,0.0,0.0,0.88151044,0.0,4.5,0.0,0.33333334,0.5,430369.2512544803,1.0,6.21875,0.5140289447834562,0.09375,0.25,0.0,0.0,0.0,0.16666667,0.25,0.5
260,2709,0.0,0.0,0.29426587,0.6666667,2.5,0.0,0.5,0.25,237887.48601295642,1.0,5.925,0.27850751268021073,0.025,0.5,0.0,0.0,0.0,0.42857143,0.25,0.71428573
261,2710,0.0,0.0,0.35007936,0.0,3.6666667,0.0,0.625,0.33333334,210039.92049009385,1.0,7.5333333,0.5053981821313893,0.23333333,0.33333334,0.0,0.0,0.0,0.0,0.0,0.75
262,2801,0.09090909,0.11502761,0.28434992,1.0,2.0,0.27272728,0.39759037,0.27272728,357697.542963371,0.7222222,5.357798,0.19350784534460297,0.0,0.09090909,0.0,0.0,0.0,0.30555555,0.09090909,0.25
263,2802,0.0,0.0010137875,0.20229179,0.6666667,1.8333334,0.0,0.8333333,0.0,369642.2135532449,0.9166667,5.881356,0.3225356006210801,0.0,0.16666667,0.0064102565,0.0,0.0,0.16666667,0.16666667,0.0
264,2803,0.0,0.0,0.32124123,1.0,1.8333334,0.33333334,0.5555556,0.33333334,394096.5524387162,0.96428573,4.1833334,0.6430966296170937,0.0,0.33333334,0.0046783625,0.0,0.0,0.32142857,0.33333334,0.35714287
265,2804,0.0,0.0,0.31617063,1.0,2.0,0.14285715,0.54761904,0.0,383003.0650323892,0.75,6.4,0.1378470872955315,0.0,0.2857143,0.0014925373,1.0,0.0,0.24,0.0,0.10714286
266,2805,0.0,0.0,0.35159382,0.25,2.0,0.25,0.36666667,0.16666667,406725.3504729566,0.6296296,4.7815127,0.35074894770346776,0.0,0.083333336,0.0048076925,0.0,0.0,0.2962963,0.16666667,0.14814815
267,2806,0.0,0.0,0.3611913,0.22222222,2.5625,0.0,0.5049505,0.0,563336.4296605001,0.6666667,5.3806453,0.5148230120668585,0.0,0.0625,0.007829898,0.0,0.0,0.36666667,0.0625,0.23728813
268,2807,0.0,0.0,0.4799008,1.0,2.0,0.0,0.33333334,0.0,564257.8942018072,0.6785714,14.526316,0.3762591566839246,0.0,0.0,0.0,1.0,0.0,0.1,0.0,0.35714287
269,2901,0.25,1.5012047,0.12678924,1.0,1.6666666,0.0,0.0,0.25,175490.83336426053,0.96428573,0.3783784,0.6923613158191444,0.0,0.25,0.0,0.0,0.0,0.42857143,0.0,0.39285713
270,2902,0.0,0.0,0.09942501,0.8,1.4,0.0,0.055555556,0.8,54300.205656164726,1.0,0.33333334,0.5150029360930077,0.0,0.0,0.0,0.0,0.0,0.25,0.0,0.35714287
271,2903,0.0,0.0,0.22180556,0.5,1.8333334,0.0,0.0,0.33333334,68860.98714305049,1.0,0.91071427,0.6571058549444453,0.0,0.0,0.0,0.0,0.0,0.5,0.0,0.5
272,2904,0.0,0.0,0.109126985,0.0,2.0,0.0,0.0,0.0,204157.1267283806,0.8333333,0.0,0.5145790694094605,0.0,0.0,0.0,0.0,0.0,1.0,0.0,0.16666667
273,2906,0.0,0.0,0.14671075,0.44444445,1.875,0.0,0.16666667,0.33333334,74616.1448496051,0.5,0.41573033,0.5765340245143602,0.0,0.0,0.0012195122,0.0,0.0,0.6666667,0.0,0.0
274,2907,0.0,0.0,0.1521775,0.4,2.0,0.0,0.33333334,0.6,89863.41112123974,1.0,0.97959185,0.6046358086798915,0.0,0.0,0.0,0.0,0.0,0.33333334,0.0,0.0
275,2909,0.0,0.0,0.15158731,0.33333334,2.0,0.0,0.11111111,0.6666667,138047.9158222915,0.8076923,1.137931,0.7905590883452024,0.0,0.0,0.0,0.0,0.0,0.7222222,0.0,0.34615386
276,2910,0.0,0.0,0.14396825,0.33333334,2.0,0.0,0.0,0.0,197839.46705710102,1.0,0.0,0.7970334953983986,0.0,0.0,0.0,0.0,0.0,0.14285715,0.0,0.42857143
277,2911,0.0,0.21293375,0.14690477,0.75,1.75,0.0,0.23333333,0.75,193115.9293552812,0.95,0.475,0.7139814409446178,0.0,0.0,0.0,0.0,0.0,0.3,0.0,0.45
278,2912,0.0,0.0,0.11333334,0.33333334,2.0,0.0,0.16666667,0.33333334,355275.9225092251,1.0,0.23333333,0.7485814432388727,0.0,0.0,0.0074074077,0.0,0.0,0.33333334,0.0,0.16666667
279,2913,0.0,0.0,0.94375,0.0,1.0,0.0,0.0,1.0,260356.56882591094,0.7692308,0.625,0.6671126869200371,0.0,0.0,0.0,0.0,0.0,1.0,0.0,0.23076923
280,2914,0.0,0.0022091311,0.075793654,1.0,1.0,0.0,0.0,1.0,37697.019366197186,0.9285714,0.0,0.6882057272209662,0.0,1.0,0.0,0.0,0.0,0.35714287,0.0,0.2857143
281,2915,0.0,0.0,0.11672619,1.0,1.5,0.0,0.0,0.5,71512.34461264471,0.8333333,1.75,0.703551374779619,0.0,0.0,0.0,0.0,0.0,0.33333334,0.0,0.0
282,2916,0.0,0.0,0.17814626,0.6666667,2.0,0.0,0.25,1.0,37651.171811023625,0.95238096,0.9285714,0.6616651267267947,0.0,0.0,0.0,0.0,0.0,0.23809524,0.0,0.33333334
283,2918,0.0,0.0,0.18659148,0.5,2.0,0.0,0.0,0.0,56920.909729187566,1.0,0.0,0.6744518577623958,0.0,0.0,0.0,1.0,0.0,0.16666667,0.0,0.0
284,2919,0.0,0.05577396,0.17280702,0.5,2.0,0.0,0.0,1.0,35009.51391862955,1.0,0.42105263,0.6725054703970227,0.0,0.0,0.0,0.0,0.0,0.5,0.0,0.0
285,3001,0.0,0.0,0.6688721,0.5,2.6666667,0.0,0.0,0.5,745849.826270689,0.5625,7.862069,0.027714905940041553,0.0,0.0,0.024287853,0.0,0.0,0.33333334,0.0,0.25
286,3002,0.0,0.0,0.6758532,0.6666667,3.9285715,0.0,0.0,0.0,745267.7848948375,0.53125,8.691176,0.07235073163663873,0.0,0.0,0.04078788,0.0,0.0,0.62068963,0.071428575,0.09375
287,3003,0.0,0.0,0.68188345,0.33333334,3.8888888,0.0,0.0,0.11111111,855894.0171821306,0.9583333,8.296512,0.03409079104294105,0.016666668,0.055555556,0.054125033,1.0,0.0,0.25,0.055555556,0.16666667
288,3004,0.0,0.003797949,0.64497834,0.0,4.1666665,0.0,0.0,0.33333334,661211.8759640103,0.59375,7.7118645,0.005668521878114454,0.0,0.16666667,0.04856226,0.0,0.0,0.28125,0.0,0.21875
289,3005,0.0,0.0,0.56535715,0.0,5.0,0.0,0.0,0.0,706161.5942947702,0.53333336,5.725,0.06669655879440121,0.0,0.0,0.053656463,0.0,0.0,0.26666668,0.0,0.0
290,3006,0.0,0.0,0.55841273,0.0,4.0,0.0,0.33333334,0.33333334,656703.8259974259,1.0,7.133333,0.04998174329112547,0.0,0.0,0.11836735,0.0,0.0,0.0,0.0,0.8
291,3007,0.0,0.0,0.6150463,0.5,3.3333333,0.0,0.0,0.0,764865.7845562426,0.45454547,6.7454543,0.20269911722115838,0.0,0.16666667,0.03377065,0.0,0.0,0.045454547,0.16666667,0.045454547
292,3008,0.0,0.0,0.6642857,1.0,2.6666667,0.33333334,0.0,0.6666667,577545.0604598353,0.5915493,5.892857,0.2611347613491469,0.0,0.33333334,0.070126265,0.0,0.0,0.14084508,0.0,0.028169014
293,3101,0.5555556,0.13422091,0.079593144,1.0,1.4444444,0.22222222,0.26,0.5555556,123790.26063327031,0.80851066,4.288889,0.5639362466300863,0.011111111,0.22222222,0.012922705,1.0,0.0,0.28723404,0.0,0.24731183
294,3102,0.18181819,0.0023826542,0.093359835,0.6818182,2.0,0.18181819,0.23809524,0.3181818,156188.072517321,0.9375,6.5136366,0.6128347686142633,0.0,0.09090909,0.029482063,0.0,0.0,0.33333334,0.09090909,0.375
295,3103,0.0,0.0002558199,0.15099207,0.6666667,1.6666666,0.33333334,0.027777778,0.0,390337.0323817808,0.5833333,7.766667,0.35111991573364115,0.0,0.0,0.0,2.0,0.0,0.62857145,0.0,0.30555555
296,3104,0.0,0.002615975,0.118005954,0.11111111,3.6666667,0.0,0.5,0.22222222,141995.83189559833,0.875,8.844444,0.26665594422277455,0.0,0.0,0.006740196,1.0,0.0,0.45833334,0.0,0.29166666
297,3105,0.0,0.0,0.07534014,0.6,1.8,0.4,0.25,0.2,565116.0508268059,1.0,9.76,0.6653845535629788,0.0,0.0,0.0066964286,0.0,0.0,0.16216215,0.2,0.6666667
298,3106,0.0,0.00031152647,0.06922619,0.5,3.0,0.25,0.0,0.75,191756.9795721719,0.9047619,14.075,0.3478549208812633,0.0,0.25,0.021333333,0.0,0.0,0.27027026,0.25,0.5
299,3107,0.0,0.0,0.097037986,1.0,2.0,0.16666667,0.083333336,0.33333334,248293.59584805655,0.825,7.616667,0.508465078802535,0.0,0.0,0.013675214,0.0,0.0,0.2,0.0,0.475
300,3201,0.22222222,0.6340096,0.1036993,0.875,1.8888888,0.0,0.5625,0.33333334,157016.49920508743,0.8636364,0.64444447,0.874076775184111,0.0,0.0,0.0,1.0,1.0,0.2,0.0,0.24242425
301,3202,0.0,0.0,0.15740477,0.4,3.0,0.0,0.27272728,0.2,130985.44101123596,0.75,5.5,0.7726927726360199,0.0,0.0,0.0,0.0,0.0,0.18181819,0.0,0.16666667
302,3203,0.0,0.0,0.17461905,0.8,2.8,0.0,0.26086956,0.2,439487.3453536754,0.9354839,5.46,0.720566440676812,0.0,0.0,0.0,1.0,0.0,0.4,0.0,0.39285713
303,3205,0.0,0.0,0.12431973,0.2,3.4,0.0,0.083333336,0.0,453885.00150829565,0.8947368,5.34,0.6610970836427622,0.0,0.2,0.0,0.0,0.0,0.2631579,0.0,0.42105263
304,3206,0.0,0.20418322,0.105226755,1.0,2.0,0.0,0.25,0.2857143,230876.11976630965,0.8214286,0.75714284,0.9397593261870517,0.0,0.14285715,0.0018214936,0.0,1.0,0.23076923,0.0,0.08
305,3207,0.0,0.0,0.17698413,1.0,3.0,0.0,0.16666667,0.0,414182.5157719978,0.9259259,3.1666667,0.8980789382335111,0.0,0.0,0.0,0.0,0.0,0.26923078,0.0,0.33333334
306,3208,0.0,0.029114908,0.13814814,1.0,3.0,0.0,0.41666666,0.33333334,105106.31777996071,1.0,6.366667,0.7756667832952843,0.0,0.0,0.0,0.0,0.0,0.045454547,0.0,0.083333336
307,3209,0.0,0.0,0.17027915,0.6666667,2.1666667,0.0,0.083333336,0.0,117125.72094430993,0.7083333,3.1,0.8864020277310097,0.0,0.0,0.0,0.0,0.0,0.125,0.0,0.29166666
308,3211,0.0,0.0,0.10315245,0.85714287,2.857143,0.0,0.25,0.42857143,51460.717948717946,1.0,1.7428571,0.6357276748523052,0.0,0.5714286,0.022222223,0.0,0.0,0.0,0.0,0.0
309,3213,0.0,0.0,0.15896825,1.0,2.3333333,0.0,0.33333334,0.0,402156.4321583776,0.6923077,9.266666,0.690336963680054,0.0,0.0,0.0,0.0,0.0,0.25,0.0,0.33333334
310,3301,0.0,0.14713897,0.10277778,0.6,2.0,0.0,0.9583333,0.22222222,712383.5884330868,0.8,3.5581396,0.11916981077942715,0.0,0.0,0.0009689923,0.0,0.0,0.3,0.44444445,0.3
311,3302,0.0,0.0,0.12872384,1.0,2.25,0.0,0.0,0.75,619757.7520938023,0.78125,5.7798166,0.09881364228470452,0.0,0.0,0.0060476563,0.0,0.0,0.0,0.5,0.03125
312,3303,0.0,0.0,0.12688635,0.8,2.142857,0.0,0.48333332,0.2857143,681583.2649842271,0.6615385,5.9857144,0.1138909256798839,0.0,0.0,0.0074786325,0.0,0.0,0.109375,0.5714286,0.16923077
313,3304,0.0,0.00036036037,0.266902,0.6666667,2.0,0.0,0.33333334,0.44444445,745009.0841995842,0.8947368,5.1149426,0.04667483959379181,0.0,0.0,0.0041989665,0.0,0.0,0.10526316,0.44444445,0.05263158
314,3306,0.0,0.3092913,0.04382716,1.0,2.0917432,0.0,0.7083333,0.44954127,578537.6244725739,0.57575756,5.0925927,0.41682256990362726,0.0,0.09174312,0.0034391535,0.0,0.0,0.060606062,0.5504587,0.24242425
315,3307,0.0,0.20551601,0.05070457,1.0,1.8163265,0.0,0.71428573,0.20408164,574759.8205499277,0.6875,3.1875,0.3164681365465511,0.0,0.0,0.0023148148,0.0,0.0,0.12903225,0.40816328,0.34375
316,3401,0.33333334,0.10065544,0.2996556,0.75,2.0,0.0,0.29166666,0.33333334,502907.29340277775,0.53571427,4.866667,0.6193734528338604,0.0,0.0,0.0,0.0,0.0,0.5185185,0.0,0.10714286
317,3402,0.0,0.0,0.9666667,0.0,3.0,0.0,0.25,0.0,561798.3742225751,0.5714286,8.625,0.5605584504430352,0.0,0.0,0.0,0.0,0.0,0.035714287,0.5,0.035714287
318,3405,0.0,0.0,0.26121554,0.0,2.2,0.0,0.083333336,0.16666667,518902.7137170343,0.4642857,6.40678,0.4424720206194424,0.0,0.0,0.0,0.0,0.0,0.14285715,0.16666667,0.10714286
319,3406,0.0,0.0,0.32337663,0.11111111,2.0,0.0,0.33333334,0.0,417435.48058252427,0.65,5.084746,0.6248883051050749,0.03448276,0.16666667,0.0,2.0,0.0,0.15,0.0,0.0
320,3407,0.0,0.0,0.284311,1.0,2.0769231,0.0,0.5106383,0.23076923,483046.1276987242,0.5,9.418605,0.3211656613433333,0.0,0.0,0.0041297935,0.0,0.0,0.30769232,0.0,0.14285715
321,3409,0.0,0.0,0.26532546,1.0,1.6666666,0.0,0.29166666,0.5,174411.2494226328,0.675,6.21,0.5127072319099789,0.0,0.1,0.0,0.0,0.0,0.27027026,0.0,0.25
